<?xml version="1.0" encoding="UTF-8" standalone="yes"?>
<addon id="plugin.video.ufcmod"
	name="UFC"
	version="1.0.0.yourkodimod"
	provider-name="yourkodi.com">
  <requires>
    <import addon="xbmc.python" version="2.1.0"/>
    <import addon="script.module.addon.common" version="2.0.0"/>
    <import addon="plugin.video.youtube" version="5.0.0"/>
  </requires>
  <extension point="xbmc.python.pluginsource" library="default.py">
    <provides>video</provides>
  </extension>
  <extension point="xbmc.addon.metadata">
    <summary lang="en">UFC</summary>
    <description lang="en">Watch all Live Pay-Per-Views on YOUTUBE in Standard or High Definition.</description>
    <platform>all</platform>
    <forum>http://www.yourkodi.com/how-to-install-ufc-addon-for-kodi-yourkodi-mod-to-work-with-kodi</forum>
    <website>http://www.yourkodi.com/</website>
  </extension>
</addon>
